title,price,rating,colors,size,gender,timestamp
T-shirt 2,1634400.0,3.9,3,M,Women,2025-05-19 15:29:12.937825
Hoodie 3,7950080.0,4.8,3,L,Unisex,2025-05-19 15:29:12.937948
Pants 4,7476960.0,3.3,3,XL,Men,2025-05-19 15:29:12.938063
Outerwear 5,5145440.0,3.5,3,XXL,Women,2025-05-19 15:29:12.938165
Jacket 6,2453920.0,3.3,3,S,Unisex,2025-05-19 15:29:12.938256
Crewneck 7,6892000.0,4.3,3,M,Men,2025-05-19 15:29:12.938340
T-shirt 8,7802560.0,3.1,3,L,Women,2025-05-19 15:29:12.938419
Hoodie 9,3972160.0,3.2,3,XL,Unisex,2025-05-19 15:29:12.938510
Pants 10,3100160.0,4.2,3,XXL,Men,2025-05-19 15:29:12.938593
Jacket 12,8527840.0,3.9,3,M,Unisex,2025-05-19 15:29:12.938817
Crewneck 13,5447200.0,3.2,3,L,Men,2025-05-19 15:29:12.938929
T-shirt 14,3248800.0,3.8,3,XL,Women,2025-05-19 15:29:12.939047
Hoodie 15,2184160.0,3.6,3,XXL,Unisex,2025-05-19 15:29:12.939146
Outerwear 17,841600.0,3.8,3,M,Women,2025-05-19 15:29:12.939327
Jacket 18,5500000.0,3.8,3,L,Unisex,2025-05-19 15:29:12.939422
Crewneck 19,1308960.0,3.6,3,XL,Men,2025-05-19 15:29:12.939505
T-shirt 20,1325600.0,3.4,3,XXL,Women,2025-05-19 15:29:12.939591
Pants 22,4319680.0,4.9,3,M,Men,2025-05-19 15:29:14.062820
Outerwear 23,4655840.0,3.7,3,L,Women,2025-05-19 15:29:14.062911
Jacket 24,8223520.0,3.9,3,XL,Unisex,2025-05-19 15:29:14.062993
Crewneck 25,8322559.0,3.3,3,XXL,Men,2025-05-19 15:29:14.063076
T-shirt 26,7292320.0,4.6,3,S,Women,2025-05-19 15:29:14.063184
Hoodie 27,3551840.0,4.8,3,M,Unisex,2025-05-19 15:29:14.063278
Pants 28,5216160.0,4.0,3,L,Men,2025-05-19 15:29:14.063361
Outerwear 29,861600.0,3.1,3,XL,Women,2025-05-19 15:29:14.063442
Jacket 30,8610240.0,3.7,3,XXL,Unisex,2025-05-19 15:29:14.063571
T-shirt 32,6657920.0,3.4,3,M,Women,2025-05-19 15:29:14.063818
Hoodie 33,7248160.0,3.5,3,L,Unisex,2025-05-19 15:29:14.063953
Pants 34,8362719.0,3.8,3,XL,Men,2025-05-19 15:29:14.064080
Outerwear 35,1356160.0,3.8,3,XXL,Women,2025-05-19 15:29:14.064283
Jacket 36,7249280.0,3.7,3,S,Unisex,2025-05-19 15:29:14.064420
Crewneck 37,6006080.0,4.0,3,M,Men,2025-05-19 15:29:14.064611
T-shirt 38,4866080.0,3.2,3,L,Women,2025-05-19 15:29:14.064786
Hoodie 39,6431200.0,4.6,3,XL,Unisex,2025-05-19 15:29:14.064941
Pants 40,5853600.0,3.1,3,XXL,Men,2025-05-19 15:29:14.065090
Jacket 42,6744160.0,3.7,3,M,Unisex,2025-05-19 15:29:15.186545
Crewneck 43,2909600.0,4.5,3,L,Men,2025-05-19 15:29:15.186688
T-shirt 44,3312320.0,3.0,3,XL,Women,2025-05-19 15:29:15.186798
Hoodie 45,8693120.0,4.5,3,XXL,Unisex,2025-05-19 15:29:15.186905
Outerwear 47,6364640.0,3.2,3,M,Women,2025-05-19 15:29:15.187137
Jacket 48,4994720.0,3.4,3,L,Unisex,2025-05-19 15:29:15.187250
Crewneck 49,1071200.0,4.0,3,XL,Men,2025-05-19 15:29:15.187355
T-shirt 50,5932960.0,3.1,3,XXL,Women,2025-05-19 15:29:15.187462
Pants 52,1596480.0,4.0,3,M,Men,2025-05-19 15:29:15.187736
Outerwear 53,4470880.0,4.3,3,L,Women,2025-05-19 15:29:15.187843
Jacket 54,854560.0,4.2,3,XL,Unisex,2025-05-19 15:29:15.187950
Crewneck 55,1793760.0,3.6,3,XXL,Men,2025-05-19 15:29:15.188053
T-shirt 56,4643040.0,3.8,3,S,Women,2025-05-19 15:29:15.188162
Hoodie 57,3155360.0,4.9,3,M,Unisex,2025-05-19 15:29:15.188269
Pants 58,1637760.0,4.4,3,L,Men,2025-05-19 15:29:15.188376
Outerwear 59,2254240.0,4.6,3,XL,Women,2025-05-19 15:29:15.188477
Jacket 60,3375520.0,4.2,3,XXL,Unisex,2025-05-19 15:29:15.188579
T-shirt 62,1376480.0,3.8,3,M,Women,2025-05-19 15:29:16.302513
Hoodie 63,6479200.0,3.6,3,L,Unisex,2025-05-19 15:29:16.302626
Pants 64,7728480.0,4.0,3,XL,Men,2025-05-19 15:29:16.302734
Outerwear 65,2385920.0,4.1,3,XXL,Women,2025-05-19 15:29:16.302844
Jacket 66,4353120.0,3.5,3,S,Unisex,2025-05-19 15:29:16.302953
Crewneck 67,8470720.0,3.5,3,M,Men,2025-05-19 15:29:16.303059
T-shirt 68,8025280.0,4.0,3,L,Women,2025-05-19 15:29:16.303168
Hoodie 69,1027839.0,3.6,3,XL,Unisex,2025-05-19 15:29:16.303290
Pants 70,1171360.0,4.4,3,XXL,Men,2025-05-19 15:29:16.303405
Jacket 72,3776000.0,4.4,3,M,Unisex,2025-05-19 15:29:16.303630
Crewneck 73,2460320.0,3.0,3,L,Men,2025-05-19 15:29:16.303739
T-shirt 74,7704800.0,3.8,3,XL,Women,2025-05-19 15:29:16.303847
Hoodie 75,2101760.0,4.3,3,XXL,Unisex,2025-05-19 15:29:16.303964
Outerwear 77,861760.0,3.7,3,M,Women,2025-05-19 15:29:16.304210
Jacket 78,2716480.0,4.3,3,L,Unisex,2025-05-19 15:29:16.304327
Crewneck 79,3309600.0,4.6,3,XL,Men,2025-05-19 15:29:16.304480
T-shirt 80,4178399.0,4.5,3,XXL,Women,2025-05-19 15:29:16.304607
Pants 82,8315520.0,4.8,3,M,Men,2025-05-19 15:29:17.422839
Outerwear 83,3947840.0,3.7,3,L,Women,2025-05-19 15:29:17.422941
Jacket 84,2826080.0,4.8,3,XL,Unisex,2025-05-19 15:29:17.423046
Crewneck 85,4564160.0,3.5,3,XXL,Men,2025-05-19 15:29:17.423149
T-shirt 86,1670880.0,3.9,3,S,Women,2025-05-19 15:29:17.423243
Hoodie 87,7870240.0,4.3,3,M,Unisex,2025-05-19 15:29:17.423335
Pants 88,7590400.0,3.1,3,L,Men,2025-05-19 15:29:17.423434
Outerwear 89,4856320.0,3.0,3,XL,Women,2025-05-19 15:29:17.423535
Jacket 90,7160000.0,4.0,3,XXL,Unisex,2025-05-19 15:29:17.423639
T-shirt 92,5012320.0,3.5,3,M,Women,2025-05-19 15:29:17.423805
Hoodie 93,1365280.0,3.6,3,L,Unisex,2025-05-19 15:29:17.423892
Pants 94,1074880.0,4.3,3,XL,Men,2025-05-19 15:29:17.423973
Outerwear 95,6062240.0,3.5,3,XXL,Women,2025-05-19 15:29:17.424072
Jacket 96,4598240.0,4.9,3,S,Unisex,2025-05-19 15:29:17.424196
Crewneck 97,6113120.0,3.9,3,M,Men,2025-05-19 15:29:17.424282
T-shirt 98,8596960.0,3.1,3,L,Women,2025-05-19 15:29:17.424362
Hoodie 99,5028000.0,3.6,3,XL,Unisex,2025-05-19 15:29:17.424442
Pants 100,2217280.0,4.6,3,XXL,Men,2025-05-19 15:29:17.424534
Jacket 102,3840640.0,3.3,3,M,Unisex,2025-05-19 15:29:18.537885
Crewneck 103,2331680.0,3.5,3,L,Men,2025-05-19 15:29:18.537982
T-shirt 104,2374400.0,3.8,3,XL,Women,2025-05-19 15:29:18.538070
Hoodie 105,5019840.0,4.2,3,XXL,Unisex,2025-05-19 15:29:18.538167
Outerwear 107,6625120.0,4.0,3,M,Women,2025-05-19 15:29:18.538335
Jacket 108,5551680.0,4.8,3,L,Unisex,2025-05-19 15:29:18.538421
Crewneck 109,5886880.0,3.3,3,XL,Men,2025-05-19 15:29:18.538510
T-shirt 110,7197120.0,4.6,3,XXL,Women,2025-05-19 15:29:18.538597
Pants 112,4261920.0,3.3,3,M,Men,2025-05-19 15:29:18.538828
Outerwear 113,4472000.0,3.7,3,L,Women,2025-05-19 15:29:18.538926
Jacket 114,5386560.0,4.9,3,XL,Unisex,2025-05-19 15:29:18.539011
Crewneck 115,1933280.0,4.5,3,XXL,Men,2025-05-19 15:29:18.539101
T-shirt 116,3474560.0,3.0,3,S,Women,2025-05-19 15:29:18.539190
Hoodie 117,3376320.0,5.0,3,M,Unisex,2025-05-19 15:29:18.539274
Pants 118,5585440.0,3.2,3,L,Men,2025-05-19 15:29:18.539358
Outerwear 119,3561760.0,3.4,3,XL,Women,2025-05-19 15:29:18.539445
Jacket 120,7480320.0,4.0,3,XXL,Unisex,2025-05-19 15:29:18.539535
T-shirt 122,1961920.0,3.6,3,M,Women,2025-05-19 15:29:19.647935
Hoodie 123,4498080.0,3.8,3,L,Unisex,2025-05-19 15:29:19.648013
Pants 124,7023520.0,3.2,3,XL,Men,2025-05-19 15:29:19.648094
Outerwear 125,6998240.0,4.2,3,XXL,Women,2025-05-19 15:29:19.648171
Jacket 126,4426080.0,3.9,3,S,Unisex,2025-05-19 15:29:19.648245
Crewneck 127,8311680.0,4.0,3,M,Men,2025-05-19 15:29:19.648319
T-shirt 128,4466720.0,3.8,3,L,Women,2025-05-19 15:29:19.648395
Hoodie 129,2532480.0,4.5,3,XL,Unisex,2025-05-19 15:29:19.648468
Pants 130,6603520.0,4.8,3,XXL,Men,2025-05-19 15:29:19.648546
Jacket 132,6474880.0,4.2,3,M,Unisex,2025-05-19 15:29:19.648699
Crewneck 133,2016320.0,4.7,3,L,Men,2025-05-19 15:29:19.648775
T-shirt 134,5937440.0,3.2,3,XL,Women,2025-05-19 15:29:19.648848
Hoodie 135,5141440.0,4.7,3,XXL,Unisex,2025-05-19 15:29:19.648921
Outerwear 137,6988320.0,4.5,3,M,Women,2025-05-19 15:29:19.649066
Jacket 138,4635520.0,3.4,3,L,Unisex,2025-05-19 15:29:19.649139
Crewneck 139,8053120.0,4.5,3,XL,Men,2025-05-19 15:29:19.649213
T-shirt 140,6811040.0,3.5,3,XXL,Women,2025-05-19 15:29:19.649289
Pants 142,2325280.0,4.9,3,M,Men,2025-05-19 15:29:20.773046
Outerwear 143,3346560.0,4.9,3,L,Women,2025-05-19 15:29:20.773140
Jacket 144,5758240.0,4.3,3,XL,Unisex,2025-05-19 15:29:20.773234
Crewneck 145,3472800.0,4.8,3,XXL,Men,2025-05-19 15:29:20.773321
T-shirt 146,7688640.0,4.3,3,S,Women,2025-05-19 15:29:20.773407
Hoodie 147,3052800.0,5.0,3,M,Unisex,2025-05-19 15:29:20.773492
Pants 148,6033440.0,4.7,3,L,Men,2025-05-19 15:29:20.773585
Outerwear 149,3105920.0,3.2,3,XL,Women,2025-05-19 15:29:20.773672
Jacket 150,1500640.0,3.6,3,XXL,Unisex,2025-05-19 15:29:20.773764
T-shirt 152,6288640.0,4.2,3,M,Women,2025-05-19 15:29:20.773940
Hoodie 153,2660640.0,4.3,3,L,Unisex,2025-05-19 15:29:20.774024
Pants 154,2337440.0,3.0,3,XL,Men,2025-05-19 15:29:20.774109
Outerwear 155,3783200.0,4.1,3,XXL,Women,2025-05-19 15:29:20.774207
Jacket 156,6645120.0,3.6,3,S,Unisex,2025-05-19 15:29:20.774297
Crewneck 157,1105760.0,4.0,3,M,Men,2025-05-19 15:29:20.774383
T-shirt 158,7321120.0,4.0,3,L,Women,2025-05-19 15:29:20.774471
Hoodie 159,2371680.0,4.9,3,XL,Unisex,2025-05-19 15:29:20.774560
Pants 160,2802880.0,3.4,3,XXL,Men,2025-05-19 15:29:20.774650
Jacket 162,1543840.0,4.5,3,M,Unisex,2025-05-19 15:29:21.890077
Crewneck 163,7861920.0,4.4,3,L,Men,2025-05-19 15:29:21.890167
T-shirt 164,3512000.0,3.9,3,XL,Women,2025-05-19 15:29:21.890249
Hoodie 165,6921280.0,4.9,3,XXL,Unisex,2025-05-19 15:29:21.890330
Outerwear 167,3273760.0,3.1,3,M,Women,2025-05-19 15:29:21.890489
Jacket 168,870400.0,4.4,3,L,Unisex,2025-05-19 15:29:21.890574
Crewneck 169,8032800.0,4.7,3,XL,Men,2025-05-19 15:29:21.890664
T-shirt 170,6677920.0,4.5,3,XXL,Women,2025-05-19 15:29:21.890748
Pants 172,1566080.0,4.9,3,M,Men,2025-05-19 15:29:21.890952
Outerwear 173,7034560.0,4.6,3,L,Women,2025-05-19 15:29:21.891033
Jacket 174,6282240.0,3.3,3,XL,Unisex,2025-05-19 15:29:21.891114
Crewneck 175,8125120.0,4.5,3,XXL,Men,2025-05-19 15:29:21.891199
T-shirt 176,6104320.0,3.6,3,S,Women,2025-05-19 15:29:21.891279
Hoodie 177,1890400.0,4.6,3,M,Unisex,2025-05-19 15:29:21.891357
Pants 178,6184160.0,3.0,3,L,Men,2025-05-19 15:29:21.891436
Outerwear 179,5816640.0,3.5,3,XL,Women,2025-05-19 15:29:21.891520
Jacket 180,5552640.0,3.9,3,XXL,Unisex,2025-05-19 15:29:21.891691
T-shirt 182,2334880.0,3.8,3,M,Women,2025-05-19 15:29:23.006420
Hoodie 183,3904640.0,3.6,3,L,Unisex,2025-05-19 15:29:23.006518
Pants 184,7759520.0,4.5,3,XL,Men,2025-05-19 15:29:23.006619
Outerwear 185,7822880.0,3.2,3,XXL,Women,2025-05-19 15:29:23.006718
Jacket 186,6940480.0,4.2,3,S,Unisex,2025-05-19 15:29:23.006883
Crewneck 187,6663520.0,3.8,3,M,Men,2025-05-19 15:29:23.007048
T-shirt 188,3927840.0,4.4,3,L,Women,2025-05-19 15:29:23.007178
Hoodie 189,1946720.0,4.0,3,XL,Unisex,2025-05-19 15:29:23.007276
Pants 190,2220960.0,4.5,3,XXL,Men,2025-05-19 15:29:23.007374
Jacket 192,5066240.0,3.8,3,M,Unisex,2025-05-19 15:29:23.007585
Crewneck 193,7355680.0,4.1,3,L,Men,2025-05-19 15:29:23.007684
T-shirt 194,2818720.0,4.9,3,XL,Women,2025-05-19 15:29:23.007775
Hoodie 195,7208960.0,4.9,3,XXL,Unisex,2025-05-19 15:29:23.007869
Outerwear 197,5681600.0,4.9,3,M,Women,2025-05-19 15:29:23.008042
Jacket 198,5435040.0,4.5,3,L,Unisex,2025-05-19 15:29:23.008159
Crewneck 199,6744320.0,3.1,3,XL,Men,2025-05-19 15:29:23.008286
T-shirt 200,6289920.0,3.5,3,XXL,Women,2025-05-19 15:29:23.008435
Pants 202,5592480.0,3.3,3,M,Men,2025-05-19 15:29:24.136587
Outerwear 203,2144000.0,3.4,3,L,Women,2025-05-19 15:29:24.136787
Jacket 204,6031040.0,3.9,3,XL,Unisex,2025-05-19 15:29:24.136933
Crewneck 205,6434880.0,3.2,3,XXL,Men,2025-05-19 15:29:24.137092
T-shirt 206,4674720.0,4.5,3,S,Women,2025-05-19 15:29:24.137244
Hoodie 207,6101440.0,3.5,3,M,Unisex,2025-05-19 15:29:24.137403
Pants 208,4637600.0,3.1,3,L,Men,2025-05-19 15:29:24.137562
Outerwear 209,7980640.0,4.3,3,XL,Women,2025-05-19 15:29:24.137726
Jacket 210,7827360.0,4.7,3,XXL,Unisex,2025-05-19 15:29:24.137879
T-shirt 212,8794880.0,4.7,3,M,Women,2025-05-19 15:29:24.138168
Hoodie 213,5748000.0,3.6,3,L,Unisex,2025-05-19 15:29:24.138325
Pants 214,4315680.0,4.9,3,XL,Men,2025-05-19 15:29:24.138460
Outerwear 215,1449600.0,3.8,3,XXL,Women,2025-05-19 15:29:24.138603
Jacket 216,4576480.0,4.6,3,S,Unisex,2025-05-19 15:29:24.138883
Crewneck 217,5772960.0,4.8,3,M,Men,2025-05-19 15:29:24.139044
T-shirt 218,5600320.0,3.1,3,L,Women,2025-05-19 15:29:24.139188
Hoodie 219,5671040.0,4.6,3,XL,Unisex,2025-05-19 15:29:24.139480
Pants 220,3357600.0,3.2,3,XXL,Men,2025-05-19 15:29:24.139661
Jacket 222,7438080.0,3.4,3,M,Unisex,2025-05-19 15:29:25.255848
Crewneck 223,952960.0,4.8,3,L,Men,2025-05-19 15:29:25.255966
T-shirt 224,3534560.0,4.5,3,XL,Women,2025-05-19 15:29:25.256076
Hoodie 225,5232800.0,3.5,3,XXL,Unisex,2025-05-19 15:29:25.256187
Outerwear 227,6742560.0,4.8,3,M,Women,2025-05-19 15:29:25.256398
Jacket 228,8076800.0,4.5,3,L,Unisex,2025-05-19 15:29:25.256509
Crewneck 229,3101920.0,4.9,3,XL,Men,2025-05-19 15:29:25.256620
T-shirt 230,7133280.0,4.5,3,XXL,Women,2025-05-19 15:29:25.256736
Pants 232,8327360.0,4.0,3,M,Men,2025-05-19 15:29:25.256957
Outerwear 233,847360.0,4.8,3,L,Women,2025-05-19 15:29:25.257067
Jacket 234,1159200.0,4.5,3,XL,Unisex,2025-05-19 15:29:25.257184
Crewneck 235,6560320.0,3.4,3,XXL,Men,2025-05-19 15:29:25.257294
T-shirt 236,5492320.0,3.9,3,S,Women,2025-05-19 15:29:25.257404
Hoodie 237,4743520.0,3.1,3,M,Unisex,2025-05-19 15:29:25.257513
Pants 238,8301920.0,3.8,3,L,Men,2025-05-19 15:29:25.257630
Outerwear 239,7934080.0,3.1,3,XL,Women,2025-05-19 15:29:25.257738
Jacket 240,7600000.0,3.8,3,XXL,Unisex,2025-05-19 15:29:25.257849
T-shirt 242,4833600.0,3.4,3,M,Women,2025-05-19 15:29:26.376880
Hoodie 243,3371680.0,3.1,3,L,Unisex,2025-05-19 15:29:26.376986
Pants 244,8116160.0,3.1,3,XL,Men,2025-05-19 15:29:26.377083
Outerwear 245,1451680.0,4.0,3,XXL,Women,2025-05-19 15:29:26.377177
Jacket 246,8735040.0,3.1,3,S,Unisex,2025-05-19 15:29:26.377270
Crewneck 247,8769120.0,3.0,3,M,Men,2025-05-19 15:29:26.377368
T-shirt 248,2280000.0,4.5,3,L,Women,2025-05-19 15:29:26.377462
Hoodie 249,2149440.0,4.2,3,XL,Unisex,2025-05-19 15:29:26.377556
Pants 250,4314240.0,3.1,3,XXL,Men,2025-05-19 15:29:26.377650
Jacket 252,8408480.0,3.2,3,M,Unisex,2025-05-19 15:29:26.377841
Crewneck 253,1854720.0,3.9,3,L,Men,2025-05-19 15:29:26.377934
T-shirt 254,5984160.0,3.9,3,XL,Women,2025-05-19 15:29:26.378026
Hoodie 255,3668000.0,4.1,3,XXL,Unisex,2025-05-19 15:29:26.378127
Outerwear 257,7073120.0,5.0,3,M,Women,2025-05-19 15:29:26.378307
Jacket 258,2080639.0,4.7,3,L,Unisex,2025-05-19 15:29:26.378407
Crewneck 259,2275520.0,3.3,3,XL,Men,2025-05-19 15:29:26.378506
T-shirt 260,6271520.0,3.5,3,XXL,Women,2025-05-19 15:29:26.378601
Pants 262,1097760.0,3.4,3,M,Men,2025-05-19 15:29:28.120654
Outerwear 263,1878400.0,4.2,3,L,Women,2025-05-19 15:29:28.120866
Jacket 264,2063040.0,4.8,3,XL,Unisex,2025-05-19 15:29:28.121047
Crewneck 265,2483040.0,3.5,3,XXL,Men,2025-05-19 15:29:28.121166
T-shirt 266,4842080.0,4.6,3,S,Women,2025-05-19 15:29:28.121302
Hoodie 267,4086240.0,4.3,3,M,Unisex,2025-05-19 15:29:28.121496
Pants 268,5005120.0,3.6,3,L,Men,2025-05-19 15:29:28.121626
Outerwear 269,8073920.0,3.1,3,XL,Women,2025-05-19 15:29:28.121757
Jacket 270,2569120.0,4.2,3,XXL,Unisex,2025-05-19 15:29:28.121883
T-shirt 272,5811840.0,3.3,3,M,Women,2025-05-19 15:29:28.122126
Hoodie 273,5291360.0,4.9,3,L,Unisex,2025-05-19 15:29:28.122238
Pants 274,3669280.0,4.2,3,XL,Men,2025-05-19 15:29:28.122340
Outerwear 275,5575360.0,4.8,3,XXL,Women,2025-05-19 15:29:28.122472
Jacket 276,1013600.0,4.3,3,S,Unisex,2025-05-19 15:29:28.122586
Crewneck 277,2383680.0,4.7,3,M,Men,2025-05-19 15:29:28.122685
T-shirt 278,2087360.0,3.8,3,L,Women,2025-05-19 15:29:28.122785
Hoodie 279,5592320.0,4.7,3,XL,Unisex,2025-05-19 15:29:28.122883
Pants 280,7501440.0,3.9,3,XXL,Men,2025-05-19 15:29:28.122980
Jacket 282,2227040.0,3.0,3,M,Unisex,2025-05-19 15:29:29.633190
Crewneck 283,6633120.0,3.2,3,L,Men,2025-05-19 15:29:29.633309
T-shirt 284,6568000.0,3.6,3,XL,Women,2025-05-19 15:29:29.633427
Hoodie 285,3009120.0,3.2,3,XXL,Unisex,2025-05-19 15:29:29.633536
Outerwear 287,5273600.0,3.7,3,M,Women,2025-05-19 15:29:29.633854
Jacket 288,3123040.0,4.1,3,L,Unisex,2025-05-19 15:29:29.634005
Crewneck 289,888000.0,4.0,3,XL,Men,2025-05-19 15:29:29.634122
T-shirt 290,6425120.0,4.2,3,XXL,Women,2025-05-19 15:29:29.634311
Pants 292,2384480.0,3.9,3,M,Men,2025-05-19 15:29:29.634533
Outerwear 293,1176160.0,4.5,3,L,Women,2025-05-19 15:29:29.634648
Jacket 294,5947200.0,3.8,3,XL,Unisex,2025-05-19 15:29:29.634751
Crewneck 295,7266720.0,4.9,3,XXL,Men,2025-05-19 15:29:29.634858
T-shirt 296,1172160.0,3.1,3,S,Women,2025-05-19 15:29:29.635047
Hoodie 297,7801120.0,3.6,3,M,Unisex,2025-05-19 15:29:29.635160
Pants 298,2426080.0,4.8,3,L,Men,2025-05-19 15:29:29.635313
Outerwear 299,1947840.0,4.3,3,XL,Women,2025-05-19 15:29:29.635509
Jacket 300,6408480.0,4.0,3,XXL,Unisex,2025-05-19 15:29:29.635625
T-shirt 302,5711200.0,3.2,3,M,Women,2025-05-19 15:29:30.749491
Hoodie 303,7974560.0,4.1,3,L,Unisex,2025-05-19 15:29:30.749598
Pants 304,7129760.0,3.4,3,XL,Men,2025-05-19 15:29:30.749700
Outerwear 305,6325440.0,4.5,3,XXL,Women,2025-05-19 15:29:30.749805
Jacket 306,7575040.0,4.2,3,S,Unisex,2025-05-19 15:29:30.749905
Crewneck 307,7735200.0,3.7,3,M,Men,2025-05-19 15:29:30.750002
T-shirt 308,4086080.0,4.1,3,L,Women,2025-05-19 15:29:30.750102
Hoodie 309,3953120.0,4.8,3,XL,Unisex,2025-05-19 15:29:30.750209
Pants 310,6329280.0,4.7,3,XXL,Men,2025-05-19 15:29:30.750311
Jacket 312,7267040.0,3.8,3,M,Unisex,2025-05-19 15:29:30.750508
Crewneck 313,1948320.0,3.1,3,L,Men,2025-05-19 15:29:30.750613
T-shirt 314,6017120.0,3.2,3,XL,Women,2025-05-19 15:29:30.750714
Hoodie 315,7022880.0,3.1,3,XXL,Unisex,2025-05-19 15:29:30.750812
Outerwear 317,5259040.0,3.3,3,M,Women,2025-05-19 15:29:30.751003
Jacket 318,5667200.0,3.7,3,L,Unisex,2025-05-19 15:29:30.751100
Crewneck 319,3085920.0,3.3,3,XL,Men,2025-05-19 15:29:30.751197
T-shirt 320,829440.0,3.3,3,XXL,Women,2025-05-19 15:29:30.751302
Pants 322,7810400.0,3.2,3,M,Men,2025-05-19 15:29:31.868849
Outerwear 323,8468000.0,3.1,3,L,Women,2025-05-19 15:29:31.868999
Jacket 324,6082720.0,3.3,3,XL,Unisex,2025-05-19 15:29:31.869160
Crewneck 325,3001760.0,3.4,3,XXL,Men,2025-05-19 15:29:31.869311
T-shirt 326,4519360.0,4.9,3,S,Women,2025-05-19 15:29:31.869460
Hoodie 327,6641440.0,4.4,3,M,Unisex,2025-05-19 15:29:31.869614
Pants 328,5732960.0,4.5,3,L,Men,2025-05-19 15:29:31.869771
Outerwear 329,6724160.0,4.7,3,XL,Women,2025-05-19 15:29:31.869921
Jacket 330,1591200.0,4.3,3,XXL,Unisex,2025-05-19 15:29:31.870078
T-shirt 332,2335680.0,3.4,3,M,Women,2025-05-19 15:29:31.870391
Hoodie 333,1746080.0,4.8,3,L,Unisex,2025-05-19 15:29:31.870552
Pants 334,2409440.0,3.8,3,XL,Men,2025-05-19 15:29:31.870713
Outerwear 335,2826720.0,3.0,3,XXL,Women,2025-05-19 15:29:31.870859
Jacket 336,6237760.0,5.0,3,S,Unisex,2025-05-19 15:29:31.870968
Crewneck 337,8608800.0,4.3,3,M,Men,2025-05-19 15:29:31.871068
T-shirt 338,2883360.0,3.9,3,L,Women,2025-05-19 15:29:31.871152
Hoodie 339,4424800.0,4.9,3,XL,Unisex,2025-05-19 15:29:31.871232
Pants 340,5975200.0,4.3,3,XXL,Men,2025-05-19 15:29:31.871311
Jacket 342,1827680.0,4.8,3,M,Unisex,2025-05-19 15:29:32.984273
Crewneck 343,2279040.0,4.1,3,L,Men,2025-05-19 15:29:32.984378
T-shirt 344,3415680.0,4.5,3,XL,Women,2025-05-19 15:29:32.984478
Hoodie 345,7577440.0,3.3,3,XXL,Unisex,2025-05-19 15:29:32.984578
Outerwear 347,6986080.0,4.7,3,M,Women,2025-05-19 15:29:32.984761
Jacket 348,3195040.0,4.6,3,L,Unisex,2025-05-19 15:29:32.984857
Crewneck 349,6085600.0,3.5,3,XL,Men,2025-05-19 15:29:32.984960
T-shirt 350,8047680.0,5.0,3,XXL,Women,2025-05-19 15:29:32.985054
Pants 352,2838880.0,4.0,3,M,Men,2025-05-19 15:29:32.985239
Outerwear 353,961600.0,3.6,3,L,Women,2025-05-19 15:29:32.985337
Jacket 354,2294720.0,3.8,3,XL,Unisex,2025-05-19 15:29:32.985431
Crewneck 355,4246560.0,3.2,3,XXL,Men,2025-05-19 15:29:32.985525
T-shirt 356,7150080.0,4.3,3,S,Women,2025-05-19 15:29:32.985621
Hoodie 357,3739360.0,3.6,3,M,Unisex,2025-05-19 15:29:32.985719
Pants 358,8479520.0,3.9,3,L,Men,2025-05-19 15:29:32.985808
Outerwear 359,1696480.0,4.3,3,XL,Women,2025-05-19 15:29:32.985899
Jacket 360,8788320.0,4.8,3,XXL,Unisex,2025-05-19 15:29:32.985989
T-shirt 362,4776800.0,5.0,3,M,Women,2025-05-19 15:29:34.100802
Hoodie 363,1171360.0,3.2,3,L,Unisex,2025-05-19 15:29:34.100891
Pants 364,4972800.0,4.8,3,XL,Men,2025-05-19 15:29:34.100974
Outerwear 365,6956480.0,4.5,3,XXL,Women,2025-05-19 15:29:34.101053
Jacket 366,5854880.0,4.9,3,S,Unisex,2025-05-19 15:29:34.101147
Crewneck 367,8359360.0,4.9,3,M,Men,2025-05-19 15:29:34.101234
T-shirt 368,965120.0,3.2,3,L,Women,2025-05-19 15:29:34.101318
Hoodie 369,7204960.0,4.7,3,XL,Unisex,2025-05-19 15:29:34.101403
Pants 370,4559680.0,3.6,3,XXL,Men,2025-05-19 15:29:34.101483
Jacket 372,5052960.0,3.6,3,M,Unisex,2025-05-19 15:29:34.101650
Crewneck 373,2231040.0,3.6,3,L,Men,2025-05-19 15:29:34.101731
T-shirt 374,7697120.0,3.9,3,XL,Women,2025-05-19 15:29:34.101813
Hoodie 375,7027520.0,3.9,3,XXL,Unisex,2025-05-19 15:29:34.101896
Outerwear 377,6802080.0,4.8,3,M,Women,2025-05-19 15:29:34.102062
Jacket 378,3402400.0,3.6,3,L,Unisex,2025-05-19 15:29:34.102160
Crewneck 379,3963200.0,4.4,3,XL,Men,2025-05-19 15:29:34.102248
T-shirt 380,2547040.0,3.8,3,XXL,Women,2025-05-19 15:29:34.102335
Pants 382,1356160.0,4.4,3,M,Men,2025-05-19 15:29:35.214926
Outerwear 383,3431040.0,3.4,3,L,Women,2025-05-19 15:29:35.215010
Jacket 384,1452960.0,3.3,3,XL,Unisex,2025-05-19 15:29:35.215093
Crewneck 385,7950720.0,4.9,3,XXL,Men,2025-05-19 15:29:35.215174
T-shirt 386,4793600.0,4.6,3,S,Women,2025-05-19 15:29:35.215252
Hoodie 387,8418080.0,4.2,3,M,Unisex,2025-05-19 15:29:35.215336
Pants 388,931200.0,3.1,3,L,Men,2025-05-19 15:29:35.215414
Outerwear 389,2883200.0,5.0,3,XL,Women,2025-05-19 15:29:35.215494
Jacket 390,5432960.0,3.3,3,XXL,Unisex,2025-05-19 15:29:35.215572
T-shirt 392,1226080.0,4.4,3,M,Women,2025-05-19 15:29:35.215728
Hoodie 393,4068480.0,3.2,3,L,Unisex,2025-05-19 15:29:35.215809
Pants 394,3540000.0,3.3,3,XL,Men,2025-05-19 15:29:35.215886
Outerwear 395,3098720.0,4.0,3,XXL,Women,2025-05-19 15:29:35.215968
Jacket 396,2505280.0,3.9,3,S,Unisex,2025-05-19 15:29:35.216046
Crewneck 397,855360.0,3.6,3,M,Men,2025-05-19 15:29:35.216127
T-shirt 398,4592800.0,4.7,3,L,Women,2025-05-19 15:29:35.216210
Hoodie 399,2523520.0,3.6,3,XL,Unisex,2025-05-19 15:29:35.216289
Pants 400,6020640.0,4.7,3,XXL,Men,2025-05-19 15:29:35.216367
Jacket 402,2029120.0,4.6,3,M,Unisex,2025-05-19 15:29:36.327714
Crewneck 403,1580320.0,4.1,3,L,Men,2025-05-19 15:29:36.327805
T-shirt 404,3501120.0,4.9,3,XL,Women,2025-05-19 15:29:36.327892
Hoodie 405,5080160.0,3.8,3,XXL,Unisex,2025-05-19 15:29:36.327982
Outerwear 407,2761280.0,3.7,3,M,Women,2025-05-19 15:29:36.328158
Jacket 408,4176000.0,4.9,3,L,Unisex,2025-05-19 15:29:36.328246
Crewneck 409,3221760.0,3.5,3,XL,Men,2025-05-19 15:29:36.328333
T-shirt 410,1586720.0,3.1,3,XXL,Women,2025-05-19 15:29:36.328421
Pants 412,5438240.0,4.4,3,M,Men,2025-05-19 15:29:36.328598
Outerwear 413,1306400.0,3.4,3,L,Women,2025-05-19 15:29:36.328689
Jacket 414,2234720.0,3.7,3,XL,Unisex,2025-05-19 15:29:36.328778
Crewneck 415,3617440.0,3.1,3,XXL,Men,2025-05-19 15:29:36.328864
T-shirt 416,4454080.0,3.1,3,S,Women,2025-05-19 15:29:36.328953
Hoodie 417,2769440.0,4.6,3,M,Unisex,2025-05-19 15:29:36.329039
Pants 418,6307840.0,5.0,3,L,Men,2025-05-19 15:29:36.329136
Outerwear 419,7004000.0,5.0,3,XL,Women,2025-05-19 15:29:36.329232
Jacket 420,2472640.0,3.1,3,XXL,Unisex,2025-05-19 15:29:36.329319
T-shirt 422,924320.0,3.9,3,M,Women,2025-05-19 15:29:37.440356
Hoodie 423,4601760.0,3.7,3,L,Unisex,2025-05-19 15:29:37.440437
Pants 424,3865760.0,4.4,3,XL,Men,2025-05-19 15:29:37.440519
Outerwear 425,2528480.0,4.8,3,XXL,Women,2025-05-19 15:29:37.440595
Jacket 426,3462400.0,3.4,3,S,Unisex,2025-05-19 15:29:37.440670
Crewneck 427,6375200.0,3.3,3,M,Men,2025-05-19 15:29:37.440745
T-shirt 428,7053120.0,4.9,3,L,Women,2025-05-19 15:29:37.440825
Hoodie 429,1658560.0,4.9,3,XL,Unisex,2025-05-19 15:29:37.440902
Pants 430,1442080.0,3.9,3,XXL,Men,2025-05-19 15:29:37.440977
Jacket 432,2151840.0,4.5,3,M,Unisex,2025-05-19 15:29:37.441130
Crewneck 433,3872480.0,4.2,3,L,Men,2025-05-19 15:29:37.441205
T-shirt 434,6557120.0,4.9,3,XL,Women,2025-05-19 15:29:37.441282
Hoodie 435,1015680.0,4.0,3,XXL,Unisex,2025-05-19 15:29:37.441356
Outerwear 437,1016800.0,3.9,3,M,Women,2025-05-19 15:29:37.441502
Jacket 438,2453120.0,4.5,3,L,Unisex,2025-05-19 15:29:37.441577
Crewneck 439,4005440.0,3.2,3,XL,Men,2025-05-19 15:29:37.441652
T-shirt 440,5326080.0,3.0,3,XXL,Women,2025-05-19 15:29:37.441729
Pants 442,4701600.0,4.3,3,M,Men,2025-05-19 15:29:38.555544
Outerwear 443,7262720.0,4.2,3,L,Women,2025-05-19 15:29:38.555652
Jacket 444,4016960.0,3.3,3,XL,Unisex,2025-05-19 15:29:38.555794
Crewneck 445,3574240.0,4.5,3,XXL,Men,2025-05-19 15:29:38.556001
T-shirt 446,7740160.0,3.2,3,S,Women,2025-05-19 15:29:38.556195
Hoodie 447,4748640.0,4.0,3,M,Unisex,2025-05-19 15:29:38.556325
Pants 448,820160.0,4.4,3,L,Men,2025-05-19 15:29:38.556445
Outerwear 449,6410080.0,4.0,3,XL,Women,2025-05-19 15:29:38.556559
Jacket 450,8754880.0,3.1,3,XXL,Unisex,2025-05-19 15:29:38.556673
T-shirt 452,6892800.0,4.4,3,M,Women,2025-05-19 15:29:38.556944
Hoodie 453,6576960.0,4.2,3,L,Unisex,2025-05-19 15:29:38.557126
Pants 454,2179520.0,5.0,3,XL,Men,2025-05-19 15:29:38.557249
Outerwear 455,1094080.0,4.8,3,XXL,Women,2025-05-19 15:29:38.557357
Jacket 456,8096000.0,4.1,3,S,Unisex,2025-05-19 15:29:38.557461
Crewneck 457,7342880.0,4.8,3,M,Men,2025-05-19 15:29:38.557576
T-shirt 458,4240000.0,4.4,3,L,Women,2025-05-19 15:29:38.557672
Hoodie 459,3237280.0,3.5,3,XL,Unisex,2025-05-19 15:29:38.557765
Pants 460,1880800.0,3.6,3,XXL,Men,2025-05-19 15:29:38.557860
Jacket 462,6767840.0,4.5,3,M,Unisex,2025-05-19 15:29:39.680163
Crewneck 463,7539520.0,4.5,3,L,Men,2025-05-19 15:29:39.680272
T-shirt 464,6070080.0,4.5,3,XL,Women,2025-05-19 15:29:39.680385
Hoodie 465,6164320.0,4.7,3,XXL,Unisex,2025-05-19 15:29:39.680510
Outerwear 467,1325920.0,3.5,3,M,Women,2025-05-19 15:29:39.680718
Jacket 468,4584960.0,3.7,3,L,Unisex,2025-05-19 15:29:39.680836
Crewneck 469,1738880.0,4.2,3,XL,Men,2025-05-19 15:29:39.680946
T-shirt 470,7738880.0,3.1,3,XXL,Women,2025-05-19 15:29:39.681107
Pants 472,3902080.0,3.1,3,M,Men,2025-05-19 15:29:39.681358
Outerwear 473,5478080.0,4.2,3,L,Women,2025-05-19 15:29:39.681465
Jacket 474,5864960.0,4.7,3,XL,Unisex,2025-05-19 15:29:39.681570
Crewneck 475,7017280.0,4.6,3,XXL,Men,2025-05-19 15:29:39.681686
T-shirt 476,3986240.0,4.3,3,S,Women,2025-05-19 15:29:39.681794
Hoodie 477,6626080.0,4.2,3,M,Unisex,2025-05-19 15:29:39.681901
Pants 478,4912000.0,3.8,3,L,Men,2025-05-19 15:29:39.682008
Outerwear 479,7302400.0,4.4,3,XL,Women,2025-05-19 15:29:39.682122
Jacket 480,4986240.0,4.2,3,XXL,Unisex,2025-05-19 15:29:39.682231
T-shirt 482,3352480.0,4.8,3,M,Women,2025-05-19 15:29:40.800157
Hoodie 483,4035040.0,4.2,3,L,Unisex,2025-05-19 15:29:40.800270
Pants 484,6428640.0,4.1,3,XL,Men,2025-05-19 15:29:40.800375
Outerwear 485,4044480.0,4.7,3,XXL,Women,2025-05-19 15:29:40.800478
Jacket 486,2573760.0,3.0,3,S,Unisex,2025-05-19 15:29:40.800580
Crewneck 487,6955520.0,3.7,3,M,Men,2025-05-19 15:29:40.800691
T-shirt 488,8789760.0,3.8,3,L,Women,2025-05-19 15:29:40.800795
Hoodie 489,3554560.0,5.0,3,XL,Unisex,2025-05-19 15:29:40.800901
Pants 490,7081600.0,3.1,3,XXL,Men,2025-05-19 15:29:40.801001
Jacket 492,6011840.0,3.0,3,M,Unisex,2025-05-19 15:29:40.801208
Crewneck 493,5071520.0,4.8,3,L,Men,2025-05-19 15:29:40.801312
T-shirt 494,1390080.0,3.4,3,XL,Women,2025-05-19 15:29:40.801414
Hoodie 495,1663200.0,4.5,3,XXL,Unisex,2025-05-19 15:29:40.801520
Outerwear 497,3957760.0,4.4,3,M,Women,2025-05-19 15:29:40.801711
Jacket 498,4412800.0,4.6,3,L,Unisex,2025-05-19 15:29:40.801809
Crewneck 499,7825920.0,4.1,3,XL,Men,2025-05-19 15:29:40.801914
T-shirt 500,8114400.0,4.2,3,XXL,Women,2025-05-19 15:29:40.802013
Pants 502,7132480.0,4.4,3,M,Men,2025-05-19 15:29:41.915371
Outerwear 503,4924480.0,4.8,3,L,Women,2025-05-19 15:29:41.915465
Jacket 504,8024480.0,5.0,3,XL,Unisex,2025-05-19 15:29:41.915569
Crewneck 505,8747680.0,4.3,3,XXL,Men,2025-05-19 15:29:41.915662
T-shirt 506,8572000.0,3.6,3,S,Women,2025-05-19 15:29:41.915747
Hoodie 507,6844000.0,4.7,3,M,Unisex,2025-05-19 15:29:41.915830
Pants 508,7766080.0,3.5,3,L,Men,2025-05-19 15:29:41.915913
Outerwear 509,7178400.0,3.1,3,XL,Women,2025-05-19 15:29:41.916001
Jacket 510,1562080.0,3.4,3,XXL,Unisex,2025-05-19 15:29:41.916081
T-shirt 512,4319680.0,3.7,3,M,Women,2025-05-19 15:29:41.916246
Hoodie 513,1693760.0,4.4,3,L,Unisex,2025-05-19 15:29:41.916344
Pants 514,6888960.0,3.9,3,XL,Men,2025-05-19 15:29:41.916488
Outerwear 515,7262560.0,3.1,3,XXL,Women,2025-05-19 15:29:41.916626
Jacket 516,7130720.0,3.4,3,S,Unisex,2025-05-19 15:29:41.916754
Crewneck 517,1069280.0,3.5,3,M,Men,2025-05-19 15:29:41.916882
T-shirt 518,2575680.0,4.1,3,L,Women,2025-05-19 15:29:41.917016
Hoodie 519,2236160.0,4.5,3,XL,Unisex,2025-05-19 15:29:41.917154
Pants 520,2308320.0,3.8,3,XXL,Men,2025-05-19 15:29:41.917270
Jacket 522,6292960.0,4.0,3,M,Unisex,2025-05-19 15:29:43.030789
Crewneck 523,3626720.0,4.6,3,L,Men,2025-05-19 15:29:43.030891
T-shirt 524,936000.0,3.8,3,XL,Women,2025-05-19 15:29:43.030988
Hoodie 525,7919040.0,3.6,3,XXL,Unisex,2025-05-19 15:29:43.031082
Outerwear 527,4669280.0,3.6,3,M,Women,2025-05-19 15:29:43.031269
Jacket 528,5595840.0,4.0,3,L,Unisex,2025-05-19 15:29:43.031362
Crewneck 529,1420160.0,3.2,3,XL,Men,2025-05-19 15:29:43.031456
T-shirt 530,6173760.0,3.3,3,XXL,Women,2025-05-19 15:29:43.031554
Pants 532,8391200.0,4.1,3,M,Men,2025-05-19 15:29:43.031740
Outerwear 533,3370240.0,4.2,3,L,Women,2025-05-19 15:29:43.031838
Jacket 534,3479200.0,3.7,3,XL,Unisex,2025-05-19 15:29:43.031933
Crewneck 535,3901280.0,3.7,3,XXL,Men,2025-05-19 15:29:43.032025
T-shirt 536,5092480.0,3.0,3,S,Women,2025-05-19 15:29:43.032114
Hoodie 537,8671840.0,3.1,3,M,Unisex,2025-05-19 15:29:43.032209
Pants 538,6134240.0,3.4,3,L,Men,2025-05-19 15:29:43.032303
Outerwear 539,4692640.0,4.7,3,XL,Women,2025-05-19 15:29:43.032397
Jacket 540,7051840.0,4.4,3,XXL,Unisex,2025-05-19 15:29:43.032508
T-shirt 542,4761440.0,3.5,3,M,Women,2025-05-19 15:29:44.147315
Hoodie 543,8715680.0,4.7,3,L,Unisex,2025-05-19 15:29:44.147425
Pants 544,5957760.0,3.1,3,XL,Men,2025-05-19 15:29:44.147533
Outerwear 545,3579360.0,4.0,3,XXL,Women,2025-05-19 15:29:44.147638
Jacket 546,6271520.0,3.3,3,S,Unisex,2025-05-19 15:29:44.147750
Crewneck 547,5361120.0,3.9,3,M,Men,2025-05-19 15:29:44.147853
T-shirt 548,2686240.0,4.6,3,L,Women,2025-05-19 15:29:44.147959
Hoodie 549,2687200.0,3.7,3,XL,Unisex,2025-05-19 15:29:44.148063
Pants 550,4450080.0,4.9,3,XXL,Men,2025-05-19 15:29:44.148171
Jacket 552,5380320.0,4.1,3,M,Unisex,2025-05-19 15:29:44.148378
Crewneck 553,7760800.0,3.8,3,L,Men,2025-05-19 15:29:44.148486
T-shirt 554,4001120.0,4.5,3,XL,Women,2025-05-19 15:29:44.148593
Hoodie 555,1809600.0,3.0,3,XXL,Unisex,2025-05-19 15:29:44.148696
Outerwear 557,5460480.0,3.4,3,M,Women,2025-05-19 15:29:44.148896
Jacket 558,5007040.0,4.0,3,L,Unisex,2025-05-19 15:29:44.149010
Crewneck 559,1590880.0,3.5,3,XL,Men,2025-05-19 15:29:44.149116
T-shirt 560,6885280.0,4.2,3,XXL,Women,2025-05-19 15:29:44.149222
Pants 562,3724160.0,4.5,3,M,Men,2025-05-19 15:29:45.265697
Outerwear 563,8197440.0,4.7,3,L,Women,2025-05-19 15:29:45.265800
Jacket 564,8319200.0,4.3,3,XL,Unisex,2025-05-19 15:29:45.265890
Crewneck 565,7635200.0,3.5,3,XXL,Men,2025-05-19 15:29:45.265988
T-shirt 566,2611360.0,4.6,3,S,Women,2025-05-19 15:29:45.266119
Hoodie 567,4576160.0,3.2,3,M,Unisex,2025-05-19 15:29:45.266339
Pants 568,2984160.0,3.3,3,L,Men,2025-05-19 15:29:45.266483
Outerwear 569,4966880.0,4.7,3,XL,Women,2025-05-19 15:29:45.266684
Jacket 570,4000960.0,3.9,3,XXL,Unisex,2025-05-19 15:29:45.266839
T-shirt 572,4756320.0,3.2,3,M,Women,2025-05-19 15:29:45.267149
Hoodie 573,6954080.0,4.5,3,L,Unisex,2025-05-19 15:29:45.267299
Pants 574,2424000.0,3.8,3,XL,Men,2025-05-19 15:29:45.267443
Outerwear 575,3517760.0,3.4,3,XXL,Women,2025-05-19 15:29:45.267585
Jacket 576,805600.0,3.5,3,S,Unisex,2025-05-19 15:29:45.267736
Crewneck 577,7873920.0,3.3,3,M,Men,2025-05-19 15:29:45.267881
T-shirt 578,7958880.0,4.1,3,L,Women,2025-05-19 15:29:45.268034
Hoodie 579,4428640.0,4.4,3,XL,Unisex,2025-05-19 15:29:45.268180
Pants 580,2625440.0,3.3,3,XXL,Men,2025-05-19 15:29:45.268335
Jacket 582,4112160.0,4.1,3,M,Unisex,2025-05-19 15:29:46.390952
Crewneck 583,5737760.0,4.5,3,L,Men,2025-05-19 15:29:46.391045
T-shirt 584,6964960.0,4.8,3,XL,Women,2025-05-19 15:29:46.391141
Hoodie 585,6186880.0,4.9,3,XXL,Unisex,2025-05-19 15:29:46.391236
Outerwear 587,4424960.0,4.4,3,M,Women,2025-05-19 15:29:46.391406
Jacket 588,4963040.0,4.7,3,L,Unisex,2025-05-19 15:29:46.391491
Crewneck 589,931840.0,4.7,3,XL,Men,2025-05-19 15:29:46.391582
T-shirt 590,6457120.0,3.9,3,XXL,Women,2025-05-19 15:29:46.391667
Pants 592,6805440.0,4.3,3,M,Men,2025-05-19 15:29:46.391865
Outerwear 593,7163840.0,3.9,3,L,Women,2025-05-19 15:29:46.392008
Jacket 594,8707680.0,4.2,3,XL,Unisex,2025-05-19 15:29:46.392145
Crewneck 595,3723840.0,3.5,3,XXL,Men,2025-05-19 15:29:46.392254
T-shirt 596,8290400.0,4.4,3,S,Women,2025-05-19 15:29:46.392346
Hoodie 597,7969440.0,3.3,3,M,Unisex,2025-05-19 15:29:46.392434
Pants 598,4714080.0,4.1,3,L,Men,2025-05-19 15:29:46.392530
Outerwear 599,1179040.0,3.3,3,XL,Women,2025-05-19 15:29:46.392615
Jacket 600,6414080.0,3.0,3,XXL,Unisex,2025-05-19 15:29:46.392705
T-shirt 602,2260960.0,4.4,3,M,Women,2025-05-19 15:29:47.539290
Hoodie 603,7511520.0,3.1,3,L,Unisex,2025-05-19 15:29:47.539392
Pants 604,7662240.0,4.3,3,XL,Men,2025-05-19 15:29:47.539490
Outerwear 605,1710720.0,3.7,3,XXL,Women,2025-05-19 15:29:47.539629
Jacket 606,5770720.0,4.6,3,S,Unisex,2025-05-19 15:29:47.539723
Crewneck 607,3857600.0,3.1,3,M,Men,2025-05-19 15:29:47.539815
T-shirt 608,7047840.0,4.6,3,L,Women,2025-05-19 15:29:47.539908
Hoodie 609,2956320.0,4.1,3,XL,Unisex,2025-05-19 15:29:47.540003
Pants 610,4515360.0,3.3,3,XXL,Men,2025-05-19 15:29:47.540095
Jacket 612,3202720.0,3.1,3,M,Unisex,2025-05-19 15:29:47.540286
Crewneck 613,1013920.0,3.6,3,L,Men,2025-05-19 15:29:47.540383
T-shirt 614,2428160.0,3.1,3,XL,Women,2025-05-19 15:29:47.540476
Hoodie 615,4798720.0,4.8,3,XXL,Unisex,2025-05-19 15:29:47.540569
Outerwear 617,1765920.0,4.3,3,M,Women,2025-05-19 15:29:47.540747
Jacket 618,6474080.0,3.3,3,L,Unisex,2025-05-19 15:29:47.540841
Crewneck 619,8340639.0,4.4,3,XL,Men,2025-05-19 15:29:47.540935
T-shirt 620,2270240.0,3.3,3,XXL,Women,2025-05-19 15:29:47.541025
Pants 622,4849600.0,3.5,3,M,Men,2025-05-19 15:29:48.655249
Outerwear 623,7299520.0,4.6,3,L,Women,2025-05-19 15:29:48.655371
Jacket 624,6943200.0,3.9,3,XL,Unisex,2025-05-19 15:29:48.655488
Crewneck 625,7826400.0,4.1,3,XXL,Men,2025-05-19 15:29:48.655606
T-shirt 626,7777440.0,4.5,3,S,Women,2025-05-19 15:29:48.655762
Hoodie 627,1232320.0,3.2,3,M,Unisex,2025-05-19 15:29:48.655872
Pants 628,8113120.0,4.3,3,L,Men,2025-05-19 15:29:48.655971
Outerwear 629,3997920.0,4.4,3,XL,Women,2025-05-19 15:29:48.656072
Jacket 630,1003680.0,3.8,3,XXL,Unisex,2025-05-19 15:29:48.656176
T-shirt 632,4314240.0,3.6,3,M,Women,2025-05-19 15:29:48.656382
Hoodie 633,3128000.0,3.1,3,L,Unisex,2025-05-19 15:29:48.656482
Pants 634,8535680.0,3.9,3,XL,Men,2025-05-19 15:29:48.656594
Outerwear 635,6897120.0,4.1,3,XXL,Women,2025-05-19 15:29:48.656695
Jacket 636,3476320.0,4.5,3,S,Unisex,2025-05-19 15:29:48.656797
Crewneck 637,6030240.0,4.0,3,M,Men,2025-05-19 15:29:48.656902
T-shirt 638,5220960.0,4.6,3,L,Women,2025-05-19 15:29:48.657005
Hoodie 639,6782720.0,4.7,3,XL,Unisex,2025-05-19 15:29:48.657102
Pants 640,3038560.0,3.8,3,XXL,Men,2025-05-19 15:29:48.657197
Jacket 642,7747360.0,4.7,3,M,Unisex,2025-05-19 15:29:49.776409
Crewneck 643,6116000.0,3.2,3,L,Men,2025-05-19 15:29:49.776606
T-shirt 644,7479360.0,4.2,3,XL,Women,2025-05-19 15:29:49.776803
Hoodie 645,3285440.0,3.3,3,XXL,Unisex,2025-05-19 15:29:49.777038
Outerwear 647,4304960.0,3.8,3,M,Women,2025-05-19 15:29:49.777458
Jacket 648,8699520.0,4.5,3,L,Unisex,2025-05-19 15:29:49.777643
Crewneck 649,8588160.0,3.2,3,XL,Men,2025-05-19 15:29:49.777842
T-shirt 650,8012800.0,3.4,3,XXL,Women,2025-05-19 15:29:49.778059
Pants 652,6084960.0,3.3,3,M,Men,2025-05-19 15:29:49.778398
Outerwear 653,2622080.0,4.0,3,L,Women,2025-05-19 15:29:49.778532
Jacket 654,4089440.0,4.7,3,XL,Unisex,2025-05-19 15:29:49.778641
Crewneck 655,1834240.0,4.1,3,XXL,Men,2025-05-19 15:29:49.778756
T-shirt 656,2538720.0,4.2,3,S,Women,2025-05-19 15:29:49.778882
Hoodie 657,8459040.0,4.8,3,M,Unisex,2025-05-19 15:29:49.779004
Pants 658,6268320.0,3.8,3,L,Men,2025-05-19 15:29:49.779119
Outerwear 659,1817920.0,3.3,3,XL,Women,2025-05-19 15:29:49.779226
Jacket 660,8715200.0,3.5,3,XXL,Unisex,2025-05-19 15:29:49.779332
T-shirt 662,1422720.0,4.5,3,M,Women,2025-05-19 15:29:50.901564
Hoodie 663,7087200.0,4.0,3,L,Unisex,2025-05-19 15:29:50.901698
Pants 664,8248639.0,3.5,3,XL,Men,2025-05-19 15:29:50.901880
Outerwear 665,4033600.0,3.2,3,XXL,Women,2025-05-19 15:29:50.902063
Jacket 666,4844000.0,3.9,3,S,Unisex,2025-05-19 15:29:50.902178
Crewneck 667,1756640.0,3.7,3,M,Men,2025-05-19 15:29:50.902290
T-shirt 668,5044640.0,3.7,3,L,Women,2025-05-19 15:29:50.902395
Hoodie 669,2346080.0,3.3,3,XL,Unisex,2025-05-19 15:29:50.902501
Pants 670,8406720.0,4.8,3,XXL,Men,2025-05-19 15:29:50.902611
Jacket 672,4776160.0,4.5,3,M,Unisex,2025-05-19 15:29:50.902822
Crewneck 673,2803360.0,4.7,3,L,Men,2025-05-19 15:29:50.902927
T-shirt 674,3156640.0,3.1,3,XL,Women,2025-05-19 15:29:50.903037
Hoodie 675,4314880.0,3.2,3,XXL,Unisex,2025-05-19 15:29:50.903138
Outerwear 677,4657440.0,3.3,3,M,Women,2025-05-19 15:29:50.903439
Jacket 678,2777120.0,4.3,3,L,Unisex,2025-05-19 15:29:50.903557
Crewneck 679,6373120.0,3.2,3,XL,Men,2025-05-19 15:29:50.903650
T-shirt 680,8164800.0,3.2,3,XXL,Women,2025-05-19 15:29:50.903743
Pants 682,7616480.0,3.9,3,M,Men,2025-05-19 15:29:52.024143
Outerwear 683,3907360.0,3.6,3,L,Women,2025-05-19 15:29:52.024261
Jacket 684,7102560.0,3.5,3,XL,Unisex,2025-05-19 15:29:52.024377
Crewneck 685,1495840.0,4.6,3,XXL,Men,2025-05-19 15:29:52.024494
T-shirt 686,5381760.0,3.8,3,S,Women,2025-05-19 15:29:52.024618
Hoodie 687,4220800.0,4.7,3,M,Unisex,2025-05-19 15:29:52.024732
Pants 688,1487520.0,4.4,3,L,Men,2025-05-19 15:29:52.024843
Outerwear 689,1939040.0,4.6,3,XL,Women,2025-05-19 15:29:52.024954
Jacket 690,8782560.0,4.7,3,XXL,Unisex,2025-05-19 15:29:52.025074
T-shirt 692,1416480.0,4.1,3,M,Women,2025-05-19 15:29:52.025305
Hoodie 693,3031680.0,4.1,3,L,Unisex,2025-05-19 15:29:52.025419
Pants 694,2466720.0,3.4,3,XL,Men,2025-05-19 15:29:52.025538
Outerwear 695,959360.0,3.3,3,XXL,Women,2025-05-19 15:29:52.025651
Jacket 696,5146240.0,4.2,3,S,Unisex,2025-05-19 15:29:52.025762
Crewneck 697,6545120.0,5.0,3,M,Men,2025-05-19 15:29:52.025875
T-shirt 698,2444960.0,4.1,3,L,Women,2025-05-19 15:29:52.025999
Hoodie 699,5250240.0,4.5,3,XL,Unisex,2025-05-19 15:29:52.026113
Pants 700,3526560.0,4.3,3,XXL,Men,2025-05-19 15:29:52.026226
Jacket 702,4927680.0,4.3,3,M,Unisex,2025-05-19 15:29:53.142963
Crewneck 703,2949120.0,4.2,3,L,Men,2025-05-19 15:29:53.143053
T-shirt 704,6214240.0,4.1,3,XL,Women,2025-05-19 15:29:53.143145
Hoodie 705,3042880.0,3.1,3,XXL,Unisex,2025-05-19 15:29:53.143242
Outerwear 707,7746240.0,4.4,3,M,Women,2025-05-19 15:29:53.143415
Jacket 708,8541280.0,4.3,3,L,Unisex,2025-05-19 15:29:53.143509
Crewneck 709,7022400.0,3.9,3,XL,Men,2025-05-19 15:29:53.143600
T-shirt 710,3751520.0,3.2,3,XXL,Women,2025-05-19 15:29:53.143689
Pants 712,1510400.0,4.1,3,M,Men,2025-05-19 15:29:53.143870
Outerwear 713,3142880.0,4.4,3,L,Women,2025-05-19 15:29:53.143955
Jacket 714,892320.0,3.1,3,XL,Unisex,2025-05-19 15:29:53.144039
Crewneck 715,7021760.0,3.9,3,XXL,Men,2025-05-19 15:29:53.144123
T-shirt 716,3602560.0,4.9,3,S,Women,2025-05-19 15:29:53.144210
Hoodie 717,1532800.0,3.6,3,M,Unisex,2025-05-19 15:29:53.144294
Pants 718,4057120.0,3.2,3,L,Men,2025-05-19 15:29:53.144378
Outerwear 719,3172960.0,4.7,3,XL,Women,2025-05-19 15:29:53.144462
Jacket 720,2028320.0,3.8,3,XXL,Unisex,2025-05-19 15:29:53.144550
T-shirt 722,8724320.0,3.2,3,M,Women,2025-05-19 15:29:54.261174
Hoodie 723,5664800.0,3.4,3,L,Unisex,2025-05-19 15:29:54.261304
Pants 724,4824800.0,4.7,3,XL,Men,2025-05-19 15:29:54.261427
Outerwear 725,4979200.0,3.0,3,XXL,Women,2025-05-19 15:29:54.261564
Jacket 726,6345920.0,3.5,3,S,Unisex,2025-05-19 15:29:54.261700
Crewneck 727,4024000.0,4.8,3,M,Men,2025-05-19 15:29:54.261828
T-shirt 728,8173440.0,3.0,3,L,Women,2025-05-19 15:29:54.261956
Hoodie 729,6431360.0,3.6,3,XL,Unisex,2025-05-19 15:29:54.262069
Pants 730,7228800.0,4.5,3,XXL,Men,2025-05-19 15:29:54.262199
Jacket 732,6597600.0,3.9,3,M,Unisex,2025-05-19 15:29:54.262469
Crewneck 733,1162880.0,4.7,3,L,Men,2025-05-19 15:29:54.262583
T-shirt 734,6858560.0,4.2,3,XL,Women,2025-05-19 15:29:54.262705
Hoodie 735,4664320.0,4.0,3,XXL,Unisex,2025-05-19 15:29:54.262801
Outerwear 737,1015680.0,4.7,3,M,Women,2025-05-19 15:29:54.262991
Jacket 738,1893920.0,3.7,3,L,Unisex,2025-05-19 15:29:54.263114
Crewneck 739,8072960.0,3.3,3,XL,Men,2025-05-19 15:29:54.263258
T-shirt 740,7016640.0,3.4,3,XXL,Women,2025-05-19 15:29:54.263398
Pants 742,5626080.0,3.6,3,M,Men,2025-05-19 15:29:55.385214
Outerwear 743,5678080.0,3.0,3,L,Women,2025-05-19 15:29:55.385321
Jacket 744,5175680.0,4.1,3,XL,Unisex,2025-05-19 15:29:55.385425
Crewneck 745,2882560.0,3.8,3,XXL,Men,2025-05-19 15:29:55.385527
T-shirt 746,1517440.0,5.0,3,S,Women,2025-05-19 15:29:55.385639
Hoodie 747,6326880.0,4.7,3,M,Unisex,2025-05-19 15:29:55.385740
Pants 748,3134080.0,3.7,3,L,Men,2025-05-19 15:29:55.385842
Outerwear 749,2627360.0,3.2,3,XL,Women,2025-05-19 15:29:55.385942
Jacket 750,1030400.0,3.7,3,XXL,Unisex,2025-05-19 15:29:55.386052
T-shirt 752,7431520.0,3.8,3,M,Women,2025-05-19 15:29:55.386250
Hoodie 753,8137600.0,4.8,3,L,Unisex,2025-05-19 15:29:55.386352
Pants 754,7229760.0,3.1,3,XL,Men,2025-05-19 15:29:55.386452
Outerwear 755,6910400.0,4.6,3,XXL,Women,2025-05-19 15:29:55.386556
Jacket 756,7128000.0,3.1,3,S,Unisex,2025-05-19 15:29:55.386646
Crewneck 757,7582720.0,4.4,3,M,Men,2025-05-19 15:29:55.386739
T-shirt 758,6025920.0,3.1,3,L,Women,2025-05-19 15:29:55.386829
Hoodie 759,2779840.0,4.7,3,XL,Unisex,2025-05-19 15:29:55.386916
Pants 760,2191040.0,4.1,3,XXL,Men,2025-05-19 15:29:55.387008
Jacket 762,4091840.0,4.9,3,M,Unisex,2025-05-19 15:29:56.504885
Crewneck 763,5792640.0,3.9,3,L,Men,2025-05-19 15:29:56.504988
T-shirt 764,7211680.0,3.4,3,XL,Women,2025-05-19 15:29:56.505092
Hoodie 765,1343360.0,4.9,3,XXL,Unisex,2025-05-19 15:29:56.505190
Outerwear 767,4152800.0,4.5,3,M,Women,2025-05-19 15:29:56.505375
Jacket 768,5662080.0,4.9,3,L,Unisex,2025-05-19 15:29:56.505496
Crewneck 769,6294560.0,3.3,3,XL,Men,2025-05-19 15:29:56.505584
T-shirt 770,1655040.0,3.5,3,XXL,Women,2025-05-19 15:29:56.505674
Pants 772,8748160.0,3.4,3,M,Men,2025-05-19 15:29:56.505876
Outerwear 773,3393600.0,3.2,3,L,Women,2025-05-19 15:29:56.505961
Jacket 774,1485760.0,4.1,3,XL,Unisex,2025-05-19 15:29:56.506045
Crewneck 775,8189440.0,3.1,3,XXL,Men,2025-05-19 15:29:56.506130
T-shirt 776,5333120.0,3.7,3,S,Women,2025-05-19 15:29:56.506221
Hoodie 777,6104800.0,3.4,3,M,Unisex,2025-05-19 15:29:56.506307
Pants 778,6034720.0,4.2,3,L,Men,2025-05-19 15:29:56.506394
Outerwear 779,5816480.0,3.2,3,XL,Women,2025-05-19 15:29:56.506491
Jacket 780,2767520.0,3.4,3,XXL,Unisex,2025-05-19 15:29:56.506579
T-shirt 782,4117439.0,4.5,3,M,Women,2025-05-19 15:29:57.625982
Hoodie 783,2510720.0,3.0,3,L,Unisex,2025-05-19 15:29:57.626117
Pants 784,5341280.0,3.0,3,XL,Men,2025-05-19 15:29:57.626235
Outerwear 785,6444480.0,4.3,3,XXL,Women,2025-05-19 15:29:57.626351
Jacket 786,6749280.0,5.0,3,S,Unisex,2025-05-19 15:29:57.626466
Crewneck 787,4593600.0,4.7,3,M,Men,2025-05-19 15:29:57.626585
T-shirt 788,3041120.0,4.7,3,L,Women,2025-05-19 15:29:57.626690
Hoodie 789,2153280.0,4.0,3,XL,Unisex,2025-05-19 15:29:57.626793
Pants 790,1708320.0,3.2,3,XXL,Men,2025-05-19 15:29:57.626896
Jacket 792,4068960.0,3.8,3,M,Unisex,2025-05-19 15:29:57.627126
Crewneck 793,8650080.0,4.0,3,L,Men,2025-05-19 15:29:57.627237
T-shirt 794,5983040.0,4.0,3,XL,Women,2025-05-19 15:29:57.627355
Hoodie 795,4209600.0,3.9,3,XXL,Unisex,2025-05-19 15:29:57.627459
Outerwear 797,2771360.0,4.9,3,M,Women,2025-05-19 15:29:57.627666
Jacket 798,4391040.0,3.4,3,L,Unisex,2025-05-19 15:29:57.627843
Crewneck 799,4048800.0,4.2,3,XL,Men,2025-05-19 15:29:57.628115
T-shirt 800,7433280.0,4.6,3,XXL,Women,2025-05-19 15:29:57.628278
Pants 802,5710240.0,4.4,3,M,Men,2025-05-19 15:29:58.749101
Outerwear 803,1875360.0,4.3,3,L,Women,2025-05-19 15:29:58.749253
Jacket 804,4459040.0,3.9,3,XL,Unisex,2025-05-19 15:29:58.749362
Crewneck 805,3266720.0,4.8,3,XXL,Men,2025-05-19 15:29:58.749497
T-shirt 806,7310560.0,3.0,3,S,Women,2025-05-19 15:29:58.749623
Hoodie 807,5016000.0,4.7,3,M,Unisex,2025-05-19 15:29:58.749736
Pants 808,8717760.0,3.2,3,L,Men,2025-05-19 15:29:58.749884
Outerwear 809,7162560.0,3.7,3,XL,Women,2025-05-19 15:29:58.750002
Jacket 810,3796640.0,4.8,3,XXL,Unisex,2025-05-19 15:29:58.750110
T-shirt 812,6406080.0,4.2,3,M,Women,2025-05-19 15:29:58.750327
Hoodie 813,4872800.0,5.0,3,L,Unisex,2025-05-19 15:29:58.750430
Pants 814,1110080.0,4.7,3,XL,Men,2025-05-19 15:29:58.750531
Outerwear 815,5985440.0,4.8,3,XXL,Women,2025-05-19 15:29:58.750659
Jacket 816,1649120.0,4.5,3,S,Unisex,2025-05-19 15:29:58.750796
Crewneck 817,8744160.0,4.4,3,M,Men,2025-05-19 15:29:58.750966
T-shirt 818,5160320.0,3.8,3,L,Women,2025-05-19 15:29:58.751097
Hoodie 819,4742400.0,4.7,3,XL,Unisex,2025-05-19 15:29:58.751206
Pants 820,6030720.0,3.4,3,XXL,Men,2025-05-19 15:29:58.751315
Jacket 822,838240.0,4.2,3,M,Unisex,2025-05-19 15:29:59.900655
Crewneck 823,6103520.0,4.7,3,L,Men,2025-05-19 15:29:59.900750
T-shirt 824,3301440.0,4.1,3,XL,Women,2025-05-19 15:29:59.900841
Hoodie 825,1058400.0,3.8,3,XXL,Unisex,2025-05-19 15:29:59.900930
Outerwear 827,7091040.0,4.8,3,M,Women,2025-05-19 15:29:59.901104
Jacket 828,2324000.0,4.6,3,L,Unisex,2025-05-19 15:29:59.901199
Crewneck 829,4630400.0,4.4,3,XL,Men,2025-05-19 15:29:59.901288
T-shirt 830,4496480.0,3.0,3,XXL,Women,2025-05-19 15:29:59.901381
Pants 832,3955360.0,4.6,3,M,Men,2025-05-19 15:29:59.901570
Outerwear 833,7101280.0,3.0,3,L,Women,2025-05-19 15:29:59.901709
Jacket 834,7223680.0,3.1,3,XL,Unisex,2025-05-19 15:29:59.901811
Crewneck 835,7143360.0,3.9,3,XXL,Men,2025-05-19 15:29:59.901965
T-shirt 836,6065440.0,4.1,3,S,Women,2025-05-19 15:29:59.902095
Hoodie 837,5532640.0,5.0,3,M,Unisex,2025-05-19 15:29:59.902188
Pants 838,2848800.0,3.1,3,L,Men,2025-05-19 15:29:59.902280
Outerwear 839,4208320.0,3.9,3,XL,Women,2025-05-19 15:29:59.902371
Jacket 840,8164640.0,3.6,3,XXL,Unisex,2025-05-19 15:29:59.902465
T-shirt 842,2859040.0,3.3,3,M,Women,2025-05-19 15:30:01.042048
Hoodie 843,2997120.0,3.6,3,L,Unisex,2025-05-19 15:30:01.042148
Pants 844,7422880.0,3.9,3,XL,Men,2025-05-19 15:30:01.042243
Outerwear 845,2023200.0,3.2,3,XXL,Women,2025-05-19 15:30:01.042343
Jacket 846,7480480.0,3.6,3,S,Unisex,2025-05-19 15:30:01.042473
Crewneck 847,4789920.0,3.7,3,M,Men,2025-05-19 15:30:01.042593
T-shirt 848,6134240.0,4.1,3,L,Women,2025-05-19 15:30:01.042701
Hoodie 849,7816160.0,3.5,3,XL,Unisex,2025-05-19 15:30:01.042806
Pants 850,4144160.0,4.2,3,XXL,Men,2025-05-19 15:30:01.042898
Jacket 852,2777280.0,4.1,3,M,Unisex,2025-05-19 15:30:01.043132
Crewneck 853,2643840.0,3.4,3,L,Men,2025-05-19 15:30:01.043229
T-shirt 854,1600000.0,4.5,3,XL,Women,2025-05-19 15:30:01.043322
Hoodie 855,3249760.0,5.0,3,XXL,Unisex,2025-05-19 15:30:01.043420
Outerwear 857,4532800.0,3.0,3,M,Women,2025-05-19 15:30:01.043597
Jacket 858,3748640.0,3.7,3,L,Unisex,2025-05-19 15:30:01.043696
Crewneck 859,6418560.0,3.0,3,XL,Men,2025-05-19 15:30:01.043877
T-shirt 860,2419360.0,4.7,3,XXL,Women,2025-05-19 15:30:01.043972
Pants 862,4131359.0,3.3,3,M,Men,2025-05-19 15:30:02.162780
Outerwear 863,1071360.0,4.0,3,L,Women,2025-05-19 15:30:02.162935
Jacket 864,2168000.0,4.5,3,XL,Unisex,2025-05-19 15:30:02.163086
Crewneck 865,6805120.0,3.9,3,XXL,Men,2025-05-19 15:30:02.163242
T-shirt 866,2399040.0,3.2,3,S,Women,2025-05-19 15:30:02.163394
Hoodie 867,1303840.0,3.3,3,M,Unisex,2025-05-19 15:30:02.163546
Pants 868,7473760.0,4.6,3,L,Men,2025-05-19 15:30:02.163694
Outerwear 869,6040320.0,4.5,3,XL,Women,2025-05-19 15:30:02.163848
Jacket 870,6395040.0,3.5,3,XXL,Unisex,2025-05-19 15:30:02.163996
T-shirt 872,1343680.0,4.3,3,M,Women,2025-05-19 15:30:02.164301
Hoodie 873,8321600.0,4.8,3,L,Unisex,2025-05-19 15:30:02.164453
Pants 874,2755200.0,4.4,3,XL,Men,2025-05-19 15:30:02.164601
Outerwear 875,2506720.0,4.6,3,XXL,Women,2025-05-19 15:30:02.164755
Jacket 876,3225760.0,4.6,3,S,Unisex,2025-05-19 15:30:02.164904
Crewneck 877,4552640.0,4.6,3,M,Men,2025-05-19 15:30:02.165056
T-shirt 878,4809760.0,4.7,3,L,Women,2025-05-19 15:30:02.165205
Hoodie 879,1026880.0,3.1,3,XL,Unisex,2025-05-19 15:30:02.165359
Pants 880,6497760.0,4.3,3,XXL,Men,2025-05-19 15:30:02.165506
Jacket 882,6420960.0,3.3,3,M,Unisex,2025-05-19 15:30:03.274270
Crewneck 883,5901120.0,3.6,3,L,Men,2025-05-19 15:30:03.274545
T-shirt 884,7414720.0,4.3,3,XL,Women,2025-05-19 15:30:03.274761
Hoodie 885,4760640.0,3.4,3,XXL,Unisex,2025-05-19 15:30:03.274900
Outerwear 887,7806400.0,3.8,3,M,Women,2025-05-19 15:30:03.275079
Jacket 888,7869280.0,4.2,3,L,Unisex,2025-05-19 15:30:03.275207
Crewneck 889,6333920.0,4.6,3,XL,Men,2025-05-19 15:30:03.275398
T-shirt 890,6439040.0,4.7,3,XXL,Women,2025-05-19 15:30:03.275504
Pants 892,8515360.0,4.4,3,M,Men,2025-05-19 15:30:03.275687
Outerwear 893,2673600.0,3.2,3,L,Women,2025-05-19 15:30:03.275770
Jacket 894,2946560.0,4.8,3,XL,Unisex,2025-05-19 15:30:03.275872
Crewneck 895,1126720.0,4.3,3,XXL,Men,2025-05-19 15:30:03.275955
T-shirt 896,7873760.0,4.9,3,S,Women,2025-05-19 15:30:03.276037
Hoodie 897,6077920.0,3.1,3,M,Unisex,2025-05-19 15:30:03.276125
Pants 898,8408640.0,4.1,3,L,Men,2025-05-19 15:30:03.276206
Outerwear 899,6192960.0,4.8,3,XL,Women,2025-05-19 15:30:03.276286
Jacket 900,7214240.0,3.3,3,XXL,Unisex,2025-05-19 15:30:03.276362
T-shirt 902,3164000.0,3.6,3,M,Women,2025-05-19 15:30:04.387486
Hoodie 903,2617920.0,4.1,3,L,Unisex,2025-05-19 15:30:04.387568
Pants 904,3356320.0,3.9,3,XL,Men,2025-05-19 15:30:04.387647
Outerwear 905,5027840.0,4.9,3,XXL,Women,2025-05-19 15:30:04.387730
Jacket 906,4301760.0,3.9,3,S,Unisex,2025-05-19 15:30:04.387807
Crewneck 907,8732640.0,4.9,3,M,Men,2025-05-19 15:30:04.387883
T-shirt 908,7954880.0,4.2,3,L,Women,2025-05-19 15:30:04.387959
Hoodie 909,8383840.0,3.6,3,XL,Unisex,2025-05-19 15:30:04.388039
Pants 910,2395200.0,4.7,3,XXL,Men,2025-05-19 15:30:04.388116
Jacket 912,7853280.0,4.9,3,M,Unisex,2025-05-19 15:30:04.388267
Crewneck 913,3222240.0,3.5,3,L,Men,2025-05-19 15:30:04.388346
T-shirt 914,5799200.0,4.6,3,XL,Women,2025-05-19 15:30:04.388422
Hoodie 915,2649120.0,4.2,3,XXL,Unisex,2025-05-19 15:30:04.388498
Outerwear 917,6061600.0,4.0,3,M,Women,2025-05-19 15:30:04.388646
Jacket 918,5380800.0,3.3,3,L,Unisex,2025-05-19 15:30:04.388721
Crewneck 919,8364000.0,4.7,3,XL,Men,2025-05-19 15:30:04.388795
T-shirt 920,3706080.0,3.2,3,XXL,Women,2025-05-19 15:30:04.388876
Pants 922,1210880.0,4.4,3,M,Men,2025-05-19 15:30:05.499578
Outerwear 923,2435840.0,3.7,3,L,Women,2025-05-19 15:30:05.499661
Jacket 924,3764320.0,3.8,3,XL,Unisex,2025-05-19 15:30:05.499744
Crewneck 925,7900800.0,4.5,3,XXL,Men,2025-05-19 15:30:05.499827
T-shirt 926,1911040.0,4.6,3,S,Women,2025-05-19 15:30:05.499905
Hoodie 927,7706400.0,3.5,3,M,Unisex,2025-05-19 15:30:05.499981
Pants 928,3911680.0,3.4,3,L,Men,2025-05-19 15:30:05.500060
Outerwear 929,1253440.0,3.3,3,XL,Women,2025-05-19 15:30:05.500139
Jacket 930,1741120.0,4.9,3,XXL,Unisex,2025-05-19 15:30:05.500214
T-shirt 932,5937600.0,4.2,3,M,Women,2025-05-19 15:30:05.500366
Hoodie 933,4960800.0,3.4,3,L,Unisex,2025-05-19 15:30:05.500445
Pants 934,2248160.0,3.6,3,XL,Men,2025-05-19 15:30:05.500522
Outerwear 935,6048000.0,4.1,3,XXL,Women,2025-05-19 15:30:05.500598
Jacket 936,6165440.0,3.1,3,S,Unisex,2025-05-19 15:30:05.500675
Crewneck 937,2475360.0,4.1,3,M,Men,2025-05-19 15:30:05.500754
T-shirt 938,4058400.0,3.6,3,L,Women,2025-05-19 15:30:05.500830
Hoodie 939,4466080.0,4.8,3,XL,Unisex,2025-05-19 15:30:05.500906
Pants 940,5776000.0,3.7,3,XXL,Men,2025-05-19 15:30:05.500981
Jacket 942,7972960.0,3.0,3,M,Unisex,2025-05-19 15:30:06.610686
Crewneck 943,4571040.0,4.4,3,L,Men,2025-05-19 15:30:06.610781
T-shirt 944,1578240.0,4.6,3,XL,Women,2025-05-19 15:30:06.610881
Hoodie 945,2107680.0,4.2,3,XXL,Unisex,2025-05-19 15:30:06.610970
Outerwear 947,7079680.0,4.6,3,M,Women,2025-05-19 15:30:06.611140
Jacket 948,4600480.0,3.9,3,L,Unisex,2025-05-19 15:30:06.611230
Crewneck 949,1844320.0,4.4,3,XL,Men,2025-05-19 15:30:06.611312
T-shirt 950,7691680.0,4.9,3,XXL,Women,2025-05-19 15:30:06.611401
Pants 952,7155040.0,3.7,3,M,Men,2025-05-19 15:30:06.611639
Outerwear 953,8423200.0,3.8,3,L,Women,2025-05-19 15:30:06.611849
Jacket 954,3878720.0,4.1,3,XL,Unisex,2025-05-19 15:30:06.611987
Crewneck 955,7006560.0,4.7,3,XXL,Men,2025-05-19 15:30:06.612097
T-shirt 956,4457600.0,3.1,3,S,Women,2025-05-19 15:30:06.612212
Hoodie 957,4024320.0,4.4,3,M,Unisex,2025-05-19 15:30:06.612296
Pants 958,3946240.0,4.8,3,L,Men,2025-05-19 15:30:06.612376
Outerwear 959,6828480.0,4.6,3,XL,Women,2025-05-19 15:30:06.612456
Jacket 960,5840160.0,4.5,3,XXL,Unisex,2025-05-19 15:30:06.612548
T-shirt 962,2887840.0,4.1,3,M,Women,2025-05-19 15:30:07.728721
Hoodie 963,7916160.0,4.6,3,L,Unisex,2025-05-19 15:30:07.728821
Pants 964,3885280.0,3.3,3,XL,Men,2025-05-19 15:30:07.728917
Outerwear 965,3107200.0,4.5,3,XXL,Women,2025-05-19 15:30:07.729018
Jacket 966,8499520.0,4.9,3,S,Unisex,2025-05-19 15:30:07.729112
Crewneck 967,1744000.0,3.5,3,M,Men,2025-05-19 15:30:07.729205
T-shirt 968,4045120.0,4.4,3,L,Women,2025-05-19 15:30:07.729299
Hoodie 969,4231840.0,3.8,3,XL,Unisex,2025-05-19 15:30:07.729397
Pants 970,952960.0,4.6,3,XXL,Men,2025-05-19 15:30:07.729491
Jacket 972,7272000.0,4.4,3,M,Unisex,2025-05-19 15:30:07.729677
Crewneck 973,7134400.0,3.9,3,L,Men,2025-05-19 15:30:07.729773
T-shirt 974,4769280.0,3.0,3,XL,Women,2025-05-19 15:30:07.729868
Hoodie 975,4816000.0,3.6,3,XXL,Unisex,2025-05-19 15:30:07.729961
Outerwear 977,3356000.0,3.6,3,M,Women,2025-05-19 15:30:07.730141
Jacket 978,3918240.0,3.6,3,L,Unisex,2025-05-19 15:30:07.730234
Crewneck 979,4848480.0,3.4,3,XL,Men,2025-05-19 15:30:07.730324
T-shirt 980,6544000.0,3.1,3,XXL,Women,2025-05-19 15:30:07.730417
Pants 982,7281760.0,4.9,3,M,Men,2025-05-19 15:30:08.847816
Outerwear 983,5762560.0,3.2,3,L,Women,2025-05-19 15:30:08.847912
Jacket 984,7349440.0,3.8,3,XL,Unisex,2025-05-19 15:30:08.848005
Crewneck 985,6236000.0,4.3,3,XXL,Men,2025-05-19 15:30:08.848102
T-shirt 986,6713760.0,4.5,3,S,Women,2025-05-19 15:30:08.848195
Hoodie 987,4008000.0,4.7,3,M,Unisex,2025-05-19 15:30:08.848286
Pants 988,2054239.0,3.5,3,L,Men,2025-05-19 15:30:08.848378
Outerwear 989,6869440.0,4.2,3,XL,Women,2025-05-19 15:30:08.848469
Jacket 990,3327360.0,4.2,3,XXL,Unisex,2025-05-19 15:30:08.848565
T-shirt 992,4840480.0,4.9,3,M,Women,2025-05-19 15:30:08.848748
Hoodie 993,6361920.0,3.4,3,L,Unisex,2025-05-19 15:30:08.848838
Pants 994,1693760.0,4.4,3,XL,Men,2025-05-19 15:30:08.848932
Outerwear 995,8046720.0,3.2,3,XXL,Women,2025-05-19 15:30:08.849023
Jacket 996,6942400.0,4.3,3,S,Unisex,2025-05-19 15:30:08.849116
Crewneck 997,5321280.0,3.9,3,M,Men,2025-05-19 15:30:08.849207
T-shirt 998,908000.0,4.2,3,L,Women,2025-05-19 15:30:08.849302
Hoodie 999,8534240.0,4.8,3,XL,Unisex,2025-05-19 15:30:08.849392
Pants 1000,2938240.0,4.7,3,XXL,Men,2025-05-19 15:30:08.849484
